prompt,Commands
1. Can you list the files,ls  -la
2. Show me the files in the directory.,ls  -la
3. List files.,ls  -la
4. Display all the files.,ls  -la
5. What files are present,ls  -la
6. Show directory contents.,ls  -la
7. List all items.,ls  -la
8. Display directory files.,ls  -la
9. What files are here,ls  -la
10. Show me everything in this directory.,ls  -la
11. List all the files and folders.,ls  -la
12. Can you display the directory contents,ls  -la
13. What’s in this directory,ls  -la
14. Show me the directory items.,ls  -la
15. Can you list everything in here,ls  -la
16. Display all the files and directories.,ls  -la
17. What files and folders are here,ls  -la
18. List the directory contents.,ls  -la
19. Show all files.,ls  -la
20. What items are present in this directory,ls  -la
21. Display the files.,ls  -la
22. List the files for me.,ls  -la
23. What’s inside this folder,ls  -la
24. Show the files.,ls  -la
25. Can you show me the files,ls  -la
26. What files does this directory have,ls  -la
27. List the directory files.,ls  -la
28. Display the contents.,ls  -la
29. What files can I see here,ls  -la
30. Show me all the files.,ls  -la
31. Can you tell me what files are here,ls  -la
32. What’s in the folder,ls  -la
33. List everything in the directory.,ls  -la
34. Show all items in the directory.,ls  -la
35. What files do we have here,ls  -la
36. Display the directory items.,ls  -la
37. List files and folders.,ls  -la
38. Show me what’s inside.,ls  -la
39. Can you show the directory files,ls  -la
40. What are the contents of this directory,ls  -la
41. List all directory items.,ls  -la
42. Display all the directory files.,ls  -la
43. What files are listed here,ls  -la
44. Show the directory contents.,ls  -la
45. List files in this folder.,ls  -la
46. Display all items in the directory.,ls  -la
47. What’s in this directory,ls  -la
48. Show the folder contents.,ls  -la
49. Can you list what’s in the directory,ls  -la
50. What files are in this directory,ls  -la
51. Show me the folder items.,ls  -la
52. List everything inside.,ls  -la
53. Display the files in the directory.,ls  -la
54. What files can we see,ls  -la
55. Show all files and folders.,ls  -la
56. Can you list the folder contents,ls  -la
57. What are the items in this directory,ls  -la
58. Show me all the directory files.,ls  -la
59. List all contents.,ls  -la
60. Display all files and folders.,ls  -la
61. What does this directory contain,ls  -la
62. Show me everything in the folder.,ls  -la
63. Can you list all the files,ls  -la
64. What’s in this folder,ls  -la
65. Show all directory files.,ls  -la
66. List the items in the folder.,ls  -la
67. Display what’s inside.,ls  -la
68. What files are visible here,ls  -la
69. Show everything in the directory.,ls  -la
70. Can you show me all files,ls  -la
71. What’s in the directory,ls  -la
72. List the contents of the directory.,ls  -la
73. Display the directory contents.,ls  -la
74. What’s inside this directory,ls  -la
75. Show the items in the directory.,ls  -la
76. List all files in the directory.,ls  -la
77. Display all items.,ls  -la
78. What files do we have,ls  -la
79. Show me the files in the folder.,ls  -la
80. Can you list the items in the directory,ls  -la
81. What’s present in this directory,ls  -la
82. Show all directory items.,ls  -la
83. List the directory files for me.,ls  -la
84. Display the contents of the directory.,ls  -la
85. What files are in the folder,ls  -la
86. Show me the files here.,ls  -la
87. Can you display all files,ls  -la
88. What’s in the directory,ls  -la
89. List all the items here.,ls  -la
90. Display what’s in the directory.,ls  -la
91. What files are in the directory,ls  -la
92. Show the contents of the directory.,ls  -la
93. List everything that’s here.,ls  -la
94. Display all directory contents.,ls  -la
95. What does the folder contain,ls  -la
96. Show me all the files here.,ls  -la
97. Can you list everything,ls  -la
98. What’s in this directory,ls  -la
99. Show the directory files.,ls  -la
100. List all files and subdirectories.,ls  -la
